id_pattern	attributes	pattern	support_size	support_size_ratio	quality	quality_gain	tpr	fpr	nb_patterns	timespent
0	['age', 'operation_year']	[[43.0, 83.0], [58.0, 65.0]]	179	0.58	0.04123	0.04123	0.74074	0.52889	9859	0.74
1	['age', 'operation_year']	[[34.0, 46.0], [66.0, 69.0]]	20	0.07	0.00884	0.00884	0.09877	0.05333	610	0.78
2	['age', 'operation_year']	[[54.0, 61.0], [68.0, 68.0]]	4	0.01	0.00634	0.00634	0.03704	0.00444	189	0.79
3	['age', 'operation_year']	[[41.0, 41.0], [60.0, 64.0]]	3	0.01	0.00394	0.00394	0.02469	0.00444	100	0.79
4	['age', 'operation_year']	[[52.0, 52.0], [66.0, 69.0]]	4	0.01	0.00308	0.00308	0.02469	0.00889	55	0.80
SubgroupSet	['age', 'operation_year']	-	210	0.69	0.06344	0.06344	0.92593	0.60000	10813	0.80
