method	dataset	attributes	types	nb_attributes	class_attribute	wanted_label	alpha	top_k	nb_patterns_top	support_size	support_size_ratio	tpr	fpr	quality	nb_patterns	timespent	memory	finished
fssd	haberman	['b']	['numeric']	1	class	2	0.2647058823529412	5	3	186	0.6078431372549019	0.7530864197530864	0.5555555555555556	0.03844675124951941	149	0.009999752044677734	0	True
naive	haberman	['b']	['numeric']	1	class	2	0.2647058823529412	5	3	186	0.6078431372549019	0.7530864197530864	0.5555555555555556	0.03844675124951941	78	0.014999866485595703	0	True
fssd	haberman	['b', 'c']	['numeric', 'numeric']	2	class	2	0.2647058823529412	5	3	135	0.4411764705882353	0.7283950617283951	0.3377777777777778	0.07602845059592465	3207	0.24099993705749512	0	True
naive	haberman	['b', 'c']	['numeric', 'numeric']	2	class	2	0.2647058823529412	5	3	135	0.4411764705882353	0.7283950617283951	0.3377777777777778	0.07602845059592465	6495	0.6570000648498535	0	True
fssd	haberman	['b', 'c', 'a']	['numeric', 'numeric', 'numeric']	3	class	2	0.2647058823529412	5	5	137	0.4477124183006536	0.8641975308641975	0.29777777777777775	0.11024605920799692	93725	6.969000339508057	0	True
naive	haberman	['b', 'c', 'a']	['numeric', 'numeric', 'numeric']	3	class	2	0.2647058823529412	5	5	137	0.4477124183006536	0.8641975308641975	0.29777777777777775	0.11024605920799692	253726	29.164999961853027	0	True
