sg;quality;size;#conditions;description
1;0.00224;250;1;c < 2.50000
2;0.00224;250;1;c < 2.50000
3;0.00128;500;1;c < 4.50000
4;0.00096;375;1;c < 3.50000
5;0.00032;125;1;c < 1.50000
6;-0.00032;500;1;c > 1.50000
7;-0.00096;250;1;c > 3.50000
8;-0.00128;125;1;c > 4.50000
9;-0.00224;375;1;c > 2.50000
10;-0.00224;375;1;c > 2.50000
