sg;quality;size;#conditions;description
1;0.20667;54;2;b > 0.80000 && b < 1.80000
2;0.20444;52;2;b > 0.80000 && b < 1.65000
3;0.20222;56;2;b > 0.40000 && b < 1.80000
4;0.20222;56;2;b < 1.80000 && b > 0.45000
5;0.18667;66;2;b < 1.90000 && b > 0.80000
