sg;quality;size;#conditions;description
1;0.07556;116;1;b > 0.20000
2;0.07556;116;1;b < 1.90000
3;0.06667;90;1;b > 1.15000
4;0.04444;85;1;b > 1.25000
5;0.04222;86;1;b < 1.50000
6;-0.01333;6;1;b < 0.20000
7;-0.04444;65;1;b < 1.25000
8;-0.06444;29;1;b > 1.90000
9;-0.06667;60;1;b < 1.15000
10;-0.08222;52;1;b > 1.50000
